Customer,Contact,Email,Address,Total Order Value,First Order Date,Previous Order Date
Luzon Auto Works,Carlo Flores,carlo@luzonautoworks.example,"81 Pioneer St, Mandaluyong",389100.26,2025-04-16,2025-11-30
Proline Enterprises,Neil Fernandez,neil@prolineenterprises.example,"5 West Avenue, Quezon City",253297.98,2026-05-18,2026-09-07
Pacific Retail,Angela Santos,angela@pacificretail.example,"88 Ortigas Center, Pasig",139949.49,2025-04-11,2026-07-15
Meridian Transport,Christine Navarro,christine@meridiantransport.example,"19 Timog Ave, Quezon City",151691.41,2026-02-11,2026-04-16
Genesis Repair Center,Gabriel Tolentino,gabriel@genesisrepaircenter.example,"222 JP Rizal St, Makati",238410.58,2025-03-20,2026-03-03
Precision Trading,Neil Bautista,neil@precisiontrading.example,"34 Commonwealth Ave, Quezon City",213989.79,2025-11-13,2025-11-25
Evergreen Auto Works,Gabriel Aquino,gabriel@evergreenautoworks.example,"14 SLEX Service Rd, Parañaque",54447.63,2026-07-22,2026-09-23
Luzon Logistics,Carlo Navarro,carlo@luzonlogistics.example,"50 Alabang-Zapote Rd, Muntinlupa",413788.27,2025-09-22,2026-04-25
Atlas Repair Center,Dennis Flores,dennis@atlasrepaircenter.example,"110 C-5 Road, Taguig",365250.32,2025-08-18,2026-09-14
Visayas Transport,Alex Flores,alex@visayastransport.example,"19 Timog Ave, Quezon City",59620.73,2026-03-16,2026-07-14
Visayas Fleet Solutions,Paolo Cruz,paolo@visayasfleetsolutions.example,"81 Pioneer St, Mandaluyong",319807.68,2026-04-26,2026-09-12
Titan Trading,Francis Bautista,francis@titantrading.example,"27 Taft Avenue, Manila",362913.87,2026-05-29,2026-09-28
Prime Logistics,Christian Bautista,christian@primelogistics.example,"201 EDSA, Caloocan",19035.45,2025-06-03,2026-05-04
Proline Fleet Solutions,Rhea Flores,rhea@prolinefleetsolutions.example,"8 Sumulong Highway, Antipolo",171572.10,2025-07-24,2025-12-04
Evergreen Fleet Solutions,Bryan Flores,bryan@evergreenfleetsolutions.example,"8 Sumulong Highway, Antipolo",366462.29,2026-07-26,2026-07-30
Summit Auto Works,Bryan Cruz,bryan@summitautoworks.example,"62 Meralco Ave, Pasig",314859.91,2026-06-12,2026-07-15
Integrated Repair Center,Mark Fernandez,mark@integratedrepaircenter.example,"222 JP Rizal St, Makati",223428.62,2025-03-07,2025-12-04
Pioneer Auto Works,Morgan Ramos,morgan@pioneerautoworks.example,"222 JP Rizal St, Makati",387637.21,2025-05-30,2026-01-15
Meridian Auto Shop,Taylor Aquino,taylor@meridianautoshop.example,"5 West Avenue, Quezon City",252766.88,2025-03-27,2025-10-16
Pacific Auto Shop,Angela Chen,angela@pacificautoshop.example,"27 Taft Avenue, Manila",431019.60,2026-01-01,2026-03-21
Meridian Auto Works,Christine Gonzales,christine@meridianautoworks.example,"5 West Avenue, Quezon City",349744.60,2026-05-19,2026-06-22
United Services,Dennis Gonzales,dennis@unitedservices.example,"23 Shaw Blvd, Mandaluyong",431850.70,2026-06-01,2026-08-14
Precision Logistics,Christine Mendoza,christine@precisionlogistics.example,"23 Shaw Blvd, Mandaluyong",355795.51,2025-11-10,2026-07-27
Centennial Logistics,Rhea Reyes,rhea@centenniallogistics.example,"110 C-5 Road, Taguig",366004.88,2026-01-21,2026-01-28
Precision Retail 45,Patricia Castillo,patricia@precisionretail45.example,"42 Harbor Avenue, Manila",26128.30,2026-05-03,2026-07-25
Goldstar Garage,Bryan Soriano,bryan@goldstargarage.example,"88 Ortigas Center, Pasig",231442.81,2026-04-23,2026-09-16
Proline Supply Co.,Mark Reyes,mark@prolinesupplyco.example,"5 West Avenue, Quezon City",241031.97,2026-03-21,2026-08-27
Vanguard Fleet Solutions,Angela Garcia,angela@vanguardfleetsolutions.example,"19 Timog Ave, Quezon City",324233.97,2026-07-15,2026-09-04
Apex Services,Patricia Mendoza,patricia@apexservices.example,"105 Marcos Highway, Marikina",296980.40,2025-02-19,2026-05-27
Omni Services,Dennis Brooks,dennis@omniservices.example,"23 Shaw Blvd, Mandaluyong",295858.76,2025-08-12,2026-09-18
Global Repair Center,Ramon Mendoza,ramon@globalrepaircenter.example,"19 Timog Ave, Quezon City",382303.01,2026-02-04,2026-04-14
Centennial Trading,Kevin Santos,kevin@centennialtrading.example,"50 Alabang-Zapote Rd, Muntinlupa",147635.53,2025-12-19,2026-03-18
Titan Fleet Solutions,Dennis Fernandez,dennis@titanfleetsolutions.example,"34 Commonwealth Ave, Quezon City",218449.66,2025-11-30,2026-08-22
Pioneer Fleet Solutions,Morgan Flores,morgan@pioneerfleetsolutions.example,"110 C-5 Road, Taguig",361569.72,2025-04-07,2025-11-12
Precision Repair Center 59,Patricia Soriano,patricia@precisionrepaircenter59.example,"14 SLEX Service Rd, Parañaque",252101.17,2025-07-06,2025-07-19
Genesis Transport,Mark Castillo,mark@genesistransport.example,"27 Taft Avenue, Manila",313913.36,2026-07-06,2026-08-02
Luzon Enterprises,Camille Villanueva,camille@luzonenterprises.example,"27 Taft Avenue, Manila",341792.11,2025-08-08,2026-05-26
Summit Enterprises,John Dela Cruz,john@summitenterprises.example,"23 Shaw Blvd, Mandaluyong",59133.25,2025-09-28,2025-11-16
Centennial Motors,Morgan Chen,morgan@centennialmotors.example,"99 Quirino Highway, Novaliches",329225.87,2025-07-09,2026-06-04
Omni Auto Shop,Carlo Soriano,carlo@omniautoshop.example,"201 EDSA, Caloocan",270827.22,2025-03-07,2025-12-30
Vanguard Motors,John Villanueva,john@vanguardmotors.example,"18 Katipunan Ave, Quezon City",21033.68,2025-09-21,2026-04-21
Meridian Retail,Morgan Garcia,morgan@meridianretail.example,"42 Harbor Avenue, Manila",149814.62,2025-04-07,2026-03-31
Vanguard Supply Co.,Bryan Chen,bryan@vanguardsupplyco.example,"50 Alabang-Zapote Rd, Muntinlupa",152487.72,2025-08-09,2026-06-09
Integrated Logistics,Christine Cruz,christine@integratedlogistics.example,"19 Timog Ave, Quezon City",177753.89,2026-05-29,2026-08-01
Prime Garage,Erika Castillo,erika@primegarage.example,"105 Marcos Highway, Marikina",334893.31,2026-03-24,2026-03-30
Summit Mechanics,Michael Bautista,michael@summitmechanics.example,"222 JP Rizal St, Makati",431853.64,2025-05-06,2026-03-06
Centennial Auto Works,Maria Brooks,maria@centennialautoworks.example,"27 Taft Avenue, Manila",431203.69,2025-07-22,2026-05-05
Apex Mechanics,Morgan Mendoza,morgan@apexmechanics.example,"33 Espana Blvd, Sampaloc, Manila",68368.07,2025-02-08,2025-06-16
Global Auto Works,Angela Bautista,angela@globalautoworks.example,"42 Harbor Avenue, Manila",199774.99,2025-05-10,2026-05-09
Prime Services 54,Christine Garcia,christine@primeservices54.example,"23 Shaw Blvd, Mandaluyong",94808.20,2025-01-30,2026-08-07
Goldstar Trading,Francis Villanueva,francis@goldstartrading.example,"23 Shaw Blvd, Mandaluyong",114291.27,2025-01-17,2025-10-27
United Fleet Solutions,Kevin Villanueva,kevin@unitedfleetsolutions.example,"15 McArthur Highway, Valenzuela",75315.99,2025-04-02,2025-10-02
United Retail,Patricia Flores,patricia@unitedretail.example,"201 EDSA, Caloocan",163210.16,2026-06-17,2026-09-21
Frontier Auto Works,Alex Brooks,alex@frontierautoworks.example,"81 Pioneer St, Mandaluyong",440485.97,2026-04-27,2026-05-11
Pacific Industrial,Carlo Reyes,carlo@pacificindustrial.example,"222 JP Rizal St, Makati",409129.65,2026-02-13,2026-08-13
Genesis Supply Co.,Paolo Dela Cruz,paolo@genesissupplyco.example,"201 EDSA, Caloocan",164504.26,2025-07-25,2026-02-01
Genesis Fleet Solutions,Patricia Aquino,patricia@genesisfleetsolutions.example,"27 Taft Avenue, Manila",367975.32,2025-11-16,2026-02-20
Mindanao Industrial,Kevin Reyes,kevin@mindanaoindustrial.example,"8 Sumulong Highway, Antipolo",403802.00,2025-12-29,2026-09-22
Evergreen Logistics,Rhea Chen,rhea@evergreenlogistics.example,"81 Pioneer St, Mandaluyong",90069.15,2025-11-03,2026-05-12
United Mechanics,John Reyes,john@unitedmechanics.example,"40 A. Bonifacio Ave, Marikina",336691.23,2025-01-19,2026-07-19
Metro Transport,Camille Gonzales,camille@metrotransport.example,"34 Commonwealth Ave, Quezon City",264093.76,2026-02-07,2026-05-15
United Trading,Rhea Mendoza,rhea@unitedtrading.example,"110 C-5 Road, Taguig",60640.84,2025-05-26,2026-06-05
Prime Auto Works,Neil Villanueva,neil@primeautoworks.example,"34 Commonwealth Ave, Quezon City",33091.04,2025-07-14,2025-10-05
Summit Garage,Neil Bautista,neil@summitgarage.example,"99 Quirino Highway, Novaliches",73292.07,2026-02-02,2026-03-22
Frontier Industrial,Taylor Navarro,taylor@frontierindustrial.example,"14 SLEX Service Rd, Parañaque",169711.28,2026-07-05,2026-07-26
Frontier Trading,Taylor Mendoza,taylor@frontiertrading.example,"15 McArthur Highway, Valenzuela",249506.94,2025-06-17,2025-07-01
Luzon Trading,Christine Brooks,christine@luzontrading.example,"99 Quirino Highway, Novaliches",42666.18,2025-11-06,2026-02-24
United Motors,Angela Garcia,angela@unitedmotors.example,"23 Shaw Blvd, Mandaluyong",61227.05,2025-12-01,2026-08-06
Luzon Transport,Erika Santos,erika@luzontransport.example,"50 Alabang-Zapote Rd, Muntinlupa",129218.47,2025-11-05,2026-10-02
Pioneer Repair Center 64,Morgan Dela Cruz,morgan@pioneerrepaircenter64.example,"110 C-5 Road, Taguig",122456.68,2026-01-03,2026-08-24
Atlas Auto Works,Jordan Santos,jordan@atlasautoworks.example,"18 Katipunan Ave, Quezon City",366662.28,2025-11-16,2026-03-31
Goldstar Services,Mark Soriano,mark@goldstarservices.example,"14 SLEX Service Rd, Parañaque",235228.36,2025-12-06,2026-05-20
Pioneer Logistics 41,Mark Ramos,mark@pioneerlogistics41.example,"62 Meralco Ave, Pasig",110774.29,2025-12-23,2026-06-20
Centennial Transport,Rhea Gonzales,rhea@centennialtransport.example,"50 Alabang-Zapote Rd, Muntinlupa",107600.86,2026-03-29,2026-10-05
Atlas Industrial,Bea Reyes,bea@atlasindustrial.example,"14 SLEX Service Rd, Parañaque",131418.62,2025-05-01,2026-03-24
Titan Transport,Bryan Villanueva,bryan@titantransport.example,"23 Shaw Blvd, Mandaluyong",252125.87,2025-10-02,2026-01-29
United Supply Co. 16,John Bautista,john@unitedsupplyco16.example,"5 West Avenue, Quezon City",214257.82,2026-02-15,2026-05-28
Meridian Trading,Camille Soriano,camille@meridiantrading.example,"19 Timog Ave, Quezon City",193202.19,2025-04-08,2026-08-27
Goldstar Transport,Patricia Dela Cruz,patricia@goldstartransport.example,"110 C-5 Road, Taguig",106312.24,2025-12-27,2026-06-14
Apex Repair Center,Francis Mendoza,francis@apexrepaircenter.example,"42 Harbor Avenue, Manila",131168.86,2025-09-16,2025-11-21
Vanguard Enterprises,Patricia Fernandez,patricia@vanguardenterprises.example,"8 Sumulong Highway, Antipolo",385329.09,2026-05-10,2026-08-04
Pacific Industrial 16,Christine Villanueva,christine@pacificindustrial16.example,"15 McArthur Highway, Valenzuela",22737.81,2025-08-03,2026-09-11
Integrated Trading,John Castillo,john@integratedtrading.example,"18 Katipunan Ave, Quezon City",256757.80,2025-07-12,2026-04-13
Visayas Auto Works 29,Bryan Ramos,bryan@visayasautoworks29.example,"33 Espana Blvd, Sampaloc, Manila",307817.17,2025-11-13,2025-12-26
Atlas Logistics,Camille Flores,camille@atlaslogistics.example,"19 Timog Ave, Quezon City",271241.44,2025-05-17,2025-07-11
Meridian Garage,Kevin Chen,kevin@meridiangarage.example,"71 Bonifacio Global City, Taguig",254351.07,2026-06-10,2026-07-09
Pioneer Industrial,Christine Soriano,christine@pioneerindustrial.example,"15 McArthur Highway, Valenzuela",166124.48,2026-05-07,2026-07-11
Pioneer Repair Center,Michael Villanueva,michael@pioneerrepaircenter.example,"105 Marcos Highway, Marikina",294964.86,2025-05-17,2025-05-28
Pioneer Supply Co.,Gabriel Villanueva,gabriel@pioneersupplyco.example,"62 Meralco Ave, Pasig",101449.33,2025-10-08,2026-06-27
Frontier Logistics,Dave Ramos,dave@frontierlogistics.example,"5 West Avenue, Quezon City",38571.63,2026-02-25,2026-10-03
Precision Mechanics,Bea Flores,bea@precisionmechanics.example,"19 Timog Ave, Quezon City",246538.28,2025-11-02,2026-07-07
Proline Auto Shop,Carlo Flores,carlo@prolineautoshop.example,"33 Espana Blvd, Sampaloc, Manila",156417.41,2025-11-22,2026-05-14
Genesis Motors,Jordan Dela Cruz,jordan@genesismotors.example,"71 Bonifacio Global City, Taguig",345305.72,2026-06-25,2026-08-30
Prime Industrial,Morgan Ramos,morgan@primeindustrial.example,"42 Harbor Avenue, Manila",216757.10,2025-08-03,2026-03-10
Global Transport,Carlo Reyes,carlo@globaltransport.example,"110 C-5 Road, Taguig",106906.05,2025-10-05,2026-10-06
Pioneer Motors,Neil Soriano,neil@pioneermotors.example,"99 Quirino Highway, Novaliches",448778.33,2026-02-06,2026-06-22
Proline Mechanics,Neil Ramos,neil@prolinemechanics.example,"23 Shaw Blvd, Mandaluyong",278945.90,2025-06-06,2026-06-14
Visayas Motors,Rhea Gonzales,rhea@visayasmotors.example,"105 Marcos Highway, Marikina",363806.06,2025-02-05,2025-11-19
Summit Transport,Mark Reyes,mark@summittransport.example,"201 EDSA, Caloocan",433949.46,2026-01-01,2026-03-07
Integrated Motors,Mark Chen,mark@integratedmotors.example,"71 Bonifacio Global City, Taguig",310767.96,2026-02-28,2026-08-11
United Retail 39,Paolo Flores,paolo@unitedretail39.example,"99 Quirino Highway, Novaliches",401291.03,2025-04-05,2026-07-25
Goldstar Mechanics,Kevin Reyes,kevin@goldstarmechanics.example,"15 McArthur Highway, Valenzuela",78355.96,2026-06-05,2026-06-10
Pioneer Retail,Alex Cruz,alex@pioneerretail.example,"99 Quirino Highway, Novaliches",269914.32,2025-09-21,2026-03-08
Meridian Motors,Carlo Ramos,carlo@meridianmotors.example,"18 Katipunan Ave, Quezon City",198935.47,2026-03-20,2026-05-10
Mindanao Services,Paolo Navarro,paolo@mindanaoservices.example,"12 Ayala Avenue, Makati",176972.13,2026-07-03,2026-08-26
Integrated Transport 47,Camille Ramos,camille@integratedtransport47.example,"34 Commonwealth Ave, Quezon City",288765.65,2026-03-28,2026-08-18
Precision Repair Center 28,Bea Ramos,bea@precisionrepaircenter28.example,"88 Ortigas Center, Pasig",343883.02,2025-12-29,2026-03-19
Luzon Motors,Christian Fernandez,christian@luzonmotors.example,"12 Ayala Avenue, Makati",406274.05,2026-03-15,2026-03-22
Omni Repair Center 82,Rhea Villanueva,rhea@omnirepaircenter82.example,"34 Commonwealth Ave, Quezon City",336522.74,2026-02-12,2026-02-14
Pioneer Trading,Bryan Villanueva,bryan@pioneertrading.example,"99 Quirino Highway, Novaliches",227354.57,2025-05-22,2025-07-16
Visayas Trading,Paolo Castillo,paolo@visayastrading.example,"62 Meralco Ave, Pasig",179169.98,2025-02-19,2026-09-15
Titan Industrial 11,Bryan Aquino,bryan@titanindustrial11.example,"99 Quirino Highway, Novaliches",252552.39,2026-06-23,2026-10-06
Global Auto Shop,Erika Villanueva,erika@globalautoshop.example,"34 Commonwealth Ave, Quezon City",31195.16,2025-02-12,2025-04-24
Integrated Enterprises 14,Francis Gonzales,francis@integratedenterprises14.example,"62 Meralco Ave, Pasig",281804.41,2026-07-08,2026-07-10
Visayas Repair Center,Michael Reyes,michael@visayasrepaircenter.example,"42 Harbor Avenue, Manila",60741.61,2025-04-05,2025-09-24
United Transport,John Brooks,john@unitedtransport.example,"105 Marcos Highway, Marikina",340784.87,2025-03-14,2026-08-29
Luzon Mechanics,Michael Reyes,michael@luzonmechanics.example,"34 Commonwealth Ave, Quezon City",431818.49,2025-09-05,2026-02-16
Evergreen Repair Center,Bryan Garcia,bryan@evergreenrepaircenter.example,"50 Alabang-Zapote Rd, Muntinlupa",118717.78,2025-11-17,2026-06-19
Apex Fleet Solutions,Paolo Mendoza,paolo@apexfleetsolutions.example,"62 Meralco Ave, Pasig",97042.39,2025-04-27,2026-08-27
Pioneer Trading 3,Dennis Ramos,dennis@pioneertrading3.example,"50 Alabang-Zapote Rd, Muntinlupa",332653.94,2026-06-27,2026-08-25
Visayas Garage,Paolo Flores,paolo@visayasgarage.example,"15 McArthur Highway, Valenzuela",131278.89,2026-03-19,2026-09-23
Atlas Retail,Gabriel Flores,gabriel@atlasretail.example,"71 Bonifacio Global City, Taguig",429633.37,2025-05-06,2026-05-18
Metro Enterprises,Jordan Dela Cruz,jordan@metroenterprises.example,"71 Bonifacio Global City, Taguig",213919.86,2025-04-24,2025-08-10
Meridian Services 26,Alex Villanueva,alex@meridianservices26.example,"71 Bonifacio Global City, Taguig",243253.82,2026-01-19,2026-03-03
Titan Motors,Alex Ramos,alex@titanmotors.example,"40 A. Bonifacio Ave, Marikina",381338.04,2026-07-30,2026-08-13
Goldstar Retail 46,Camille Aquino,camille@goldstarretail46.example,"110 C-5 Road, Taguig",289258.86,2025-02-05,2025-08-18
Omni Industrial,Dennis Chen,dennis@omniindustrial.example,"34 Commonwealth Ave, Quezon City",54623.99,2025-03-09,2025-12-19
Metro Retail,Dave Chen,dave@metroretail.example,"8 Sumulong Highway, Antipolo",417284.68,2025-03-15,2026-09-25
Mindanao Trading,Patricia Flores,patricia@mindanaotrading.example,"5 West Avenue, Quezon City",249994.15,2026-05-23,2026-06-05
United Auto Works,Paolo Dela Cruz,paolo@unitedautoworks.example,"50 Alabang-Zapote Rd, Muntinlupa",216850.10,2025-09-06,2025-09-22
Meridian Logistics,Francis Dela Cruz,francis@meridianlogistics.example,"18 Katipunan Ave, Quezon City",206892.86,2025-07-02,2025-09-27
Pacific Motors,Neil Ramos,neil@pacificmotors.example,"110 C-5 Road, Taguig",344000.30,2026-02-14,2026-04-26
Mindanao Fleet Solutions 12,Taylor Castillo,taylor@mindanaofleetsolutions12.example,"18 Katipunan Ave, Quezon City",340306.07,2025-05-14,2026-01-18
Pioneer Transport,Camille Reyes,camille@pioneertransport.example,"19 Timog Ave, Quezon City",362520.79,2025-06-29,2026-03-09
United Auto Shop,Ramon Brooks,ramon@unitedautoshop.example,"50 Alabang-Zapote Rd, Muntinlupa",53971.50,2026-05-25,2026-09-09
Goldstar Enterprises,Michael Flores,michael@goldstarenterprises.example,"99 Quirino Highway, Novaliches",51201.26,2025-01-22,2025-10-07
Prime Repair Center 32,Dave Gonzales,dave@primerepaircenter32.example,"19 Timog Ave, Quezon City",447326.84,2025-07-03,2025-12-07
Meridian Retail 44,Bea Mendoza,bea@meridianretail44.example,"40 A. Bonifacio Ave, Marikina",214309.80,2025-04-10,2025-12-14
Goldstar Fleet Solutions,Samantha Mendoza,samantha@goldstarfleetsolutions.example,"33 Espana Blvd, Sampaloc, Manila",430208.77,2026-05-05,2026-06-02
Precision Motors,Taylor Flores,taylor@precisionmotors.example,"34 Commonwealth Ave, Quezon City",79220.54,2025-09-16,2025-09-26
Integrated Enterprises,Dave Reyes,dave@integratedenterprises.example,"50 Alabang-Zapote Rd, Muntinlupa",290582.83,2025-01-06,2026-04-05
Atlas Auto Shop,Morgan Garcia,morgan@atlasautoshop.example,"15 McArthur Highway, Valenzuela",208071.15,2025-03-11,2026-04-09
Integrated Mechanics 39,John Aquino,john@integratedmechanics39.example,"222 JP Rizal St, Makati",285593.95,2026-04-26,2026-07-10
Vanguard Transport,Mark Cruz,mark@vanguardtransport.example,"33 Espana Blvd, Sampaloc, Manila",253345.18,2025-07-29,2025-11-15
Evergreen Garage,Camille Tolentino,camille@evergreengarage.example,"45 Roxas Blvd, Pasay",392418.92,2025-11-30,2026-02-22
Luzon Services,Francis Reyes,francis@luzonservices.example,"33 Espana Blvd, Sampaloc, Manila",160828.76,2026-07-04,2026-08-23
United Garage 70,Neil Tolentino,neil@unitedgarage70.example,"40 A. Bonifacio Ave, Marikina",129690.29,2026-04-09,2026-06-10
Summit Retail 95,Angela Ramos,angela@summitretail95.example,"34 Commonwealth Ave, Quezon City",88877.77,2026-03-17,2026-09-04
Atlas Motors,Bryan Tolentino,bryan@atlasmotors.example,"81 Pioneer St, Mandaluyong",231149.71,2025-03-02,2026-01-10
Frontier Retail,Rhea Flores,rhea@frontierretail.example,"15 McArthur Highway, Valenzuela",259370.29,2026-02-28,2026-04-26
